{
    "faces":[35,0,1,3,2,0,0,0,0,0,35,2,3,7,6,0,1,1,1,1,35,6,7,5,4,0,2,2,2,2,35,1,0,4,5,0,3,3,3,3,35,4,0,2,6,0,4,4,4,4,35,7,3,1,5,0,5,5,5,5,35,16,14,22,15,1,6,6,6,6,35,36,37,11,33,1,7,7,7,7,35,10,17,27,26,1,8,8,8,8,35,29,28,34,23,1,7,7,7,7,35,39,21,12,28,1,9,9,9,9,35,38,36,33,32,1,10,10,10,10,35,25,24,35,31,1,11,11,11,11,35,39,38,32,9,1,11,11,11,11,35,25,8,20,37,1,9,9,9,9,35,37,20,21,39,1,9,9,9,9,35,32,23,34,9,1,12,12,12,12,35,15,22,23,32,1,13,13,13,13,35,35,33,11,31,1,14,14,14,14,35,26,27,33,35,1,15,15,15,15,35,17,36,38,16,1,16,16,16,16,35,10,24,36,17,1,9,9,9,9,35,24,25,37,36,1,17,17,17,17,35,37,39,9,11,1,1,1,1,1,35,8,25,31,30,1,18,18,18,18,35,14,29,23,22,1,19,19,19,19,35,24,10,26,35,1,20,20,20,20,35,17,16,15,27,1,1,1,1,1,35,16,38,29,14,1,16,16,16,16,35,38,39,28,29,1,21,21,21,21,35,27,15,32,33,1,13,13,13,13,35,11,9,19,13,1,15,15,15,15,35,31,11,13,30,1,15,15,15,15,35,9,34,18,19,1,15,15,15,15,35,20,8,30,13,1,22,22,22,22,35,21,20,13,19,1,10,10,10,10,35,28,12,18,34,1,23,23,23,23,35,12,21,19,18,1,24,24,24,24,35,40,41,43,42,1,25,25,25,25,35,42,43,47,46,1,26,26,26,26,35,46,47,45,44,1,27,27,27,27,35,44,45,41,40,1,28,28,28,28,35,42,46,44,40,1,29,29,29,29,35,47,43,41,45,1,9,9,9,9,35,48,49,51,50,1,30,30,30,30,35,50,51,55,54,1,31,31,31,31,35,54,55,53,52,1,32,32,32,32,35,52,53,49,48,1,33,33,33,33,35,50,54,52,48,1,34,34,34,34,35,55,51,49,53,1,35,35,35,35,35,56,57,59,58,1,36,36,36,36,35,58,59,63,62,1,37,37,37,37,35,62,63,61,60,1,38,38,38,38,35,60,61,57,56,1,39,39,39,39,35,58,62,60,56,1,34,34,34,34,35,63,59,57,61,1,40,40,40,40,35,64,65,67,66,1,41,41,41,41,35,66,67,71,70,1,42,42,42,42,35,70,71,69,68,1,43,43,43,43,35,68,69,65,64,1,44,44,44,44,35,66,70,68,64,1,15,15,15,15,35,71,67,65,69,1,9,9,9,9,35,72,73,74,75,1,45,45,45,45,35,73,79,81,74,1,46,46,46,46,35,76,82,80,78,1,16,16,16,16,35,74,81,83,75,1,47,47,47,47,35,72,77,79,73,1,48,48,48,48,35,76,78,79,77,1,49,49,49,49,35,77,83,82,76,1,50,50,50,50,35,78,80,81,79,1,51,51,51,51,35,80,82,83,81,1,52,52,52,52,35,77,72,75,83,1,53,53,53,53],
    "normals":[1,0,-0,0,0,1,-1,0,-0,-0,0,-1,0,-1,5.59632e-08,0,1,-5.59632e-08,-2.477e-07,0,1,-1,-0,0,2.27234e-07,0,1,0,1,0,0,-0,-1,1,0,0,0,-1,7.09844e-08,0,-1,-0,0,-1,7.09844e-08,0,-1,-0,0,1,0,0,1,-7.09844e-08,1,0,-2.27841e-07,-1,0,2.41817e-07,1,0,2.41817e-07,0,1,-7.09844e-08,2.27234e-07,0,-1,-1,0,-2.27841e-07,-2.477e-07,0,-1,-0.0431011,0.432143,-0.900774,0.998857,3.01525e-08,-0.0477946,0.0431011,-0.432143,0.900774,-0.998857,4.02033e-08,0.0477944,-0,-1,0,0.0238025,0.432143,0.901491,-0.999652,4.02033e-08,0.0263947,-0.0238029,-0.432143,-0.901491,0.999652,6.65867e-08,-0.0263945,0,-1,0,-0,1,0,-0.901598,0.432143,-0.0193103,0.0214133,-6.15613e-08,-0.999771,0.901598,-0.432143,0.0193107,-0.0214132,2.63834e-08,0.999771,0,1,-0,0.901805,0.432143,0,0,4.68143e-08,1,-0.901805,-0.432143,0,0,-4.68143e-08,-1,0,-1,0,-2.56435e-07,-5.39284e-06,1,-1,-4.31427e-06,-2.27942e-07,1,-3.44191e-12,2.84927e-07,0.491974,0.87061,2.78695e-07,1.35811e-07,0.87061,-0.491974,-2.03717e-07,0.87061,0.491974,-0.491974,0.87061,-8.20525e-08,2.56435e-07,7.54997e-06,-1],
    "uvs":[],
    "materials":[{
        "shading":"phong",
        "transparent":true,
        "DbgIndex":0,
        "DbgColor":15658734,
        "DbgName":"Material.001",
        "depthTest":true,
        "specularCoef":50,
        "colorDiffuse":[0.199633,0.199633,0.199633],
        "opacity":0.55,
        "wireframe":false,
        "depthWrite":true,
        "visible":true,
        "colorSpecular":[0.344037,0.344037,0.344037],
        "colorEmissive":[0.229578,0.229578,0.229578],
        "blending":"NormalBlending"
    },{
        "shading":"phong",
        "transparent":false,
        "DbgIndex":1,
        "DbgColor":15597568,
        "DbgName":"Material.002",
        "depthTest":true,
        "specularCoef":50,
        "colorDiffuse":[0.12186,0.0388797,0.0108923],
        "opacity":1,
        "wireframe":false,
        "depthWrite":true,
        "visible":true,
        "colorSpecular":[0.5,0.5,0.5],
        "colorEmissive":[0,0,0],
        "blending":"NormalBlending"
    }],
    "vertices":[-2.03405,2.46424,2.08498,-2.03405,2.40247,2.08498,-2.03405,2.46424,-2.1753,-2.03405,2.40247,-2.1753,2.22623,2.46424,2.08498,2.22623,2.40247,2.08498,2.22623,2.46424,-2.1753,2.22623,2.40247,-2.1753,-3.71976,1.5888,3.71207,1.77866,1.74966,1.61922,-3.71976,1.5888,-3.71141,-1.62131,1.74966,1.61922,3.70372,1.5888,3.71207,-1.62131,1.74966,3.71207,3.70372,1.5888,-3.71141,1.77866,1.74966,-3.71141,1.77866,1.5888,-3.71141,-1.62131,1.5888,-3.71141,3.70372,1.74966,3.71207,1.77866,1.74966,3.71207,-1.62131,1.5888,3.71207,1.77866,1.5888,3.71207,3.70372,1.74966,-3.71141,3.70372,1.74966,-1.73952,-3.71976,1.5888,-1.73952,-3.71976,1.5888,1.61922,-3.71976,1.74966,-3.71141,-1.62131,1.74966,-3.71141,3.70372,1.5888,1.61922,3.70372,1.5888,-1.73952,-3.71976,1.74966,3.71207,-3.71976,1.74966,1.61922,1.77866,1.74966,-1.73952,-1.62131,1.74966,-1.73952,3.70372,1.74966,1.61922,-3.71976,1.74966,-1.73952,-1.62131,1.5888,-1.73952,-1.62131,1.5888,1.61922,1.77866,1.5888,-1.73952,1.77866,1.5888,1.61922,0.349016,2.38931,1.94024,0.297985,0.16118,0.873749,0.0166989,2.38931,1.95614,-0.034332,0.16118,0.88965,0.333115,2.38931,1.60793,0.282084,0.16118,0.541432,0.000797719,2.38931,1.62383,-0.0502332,0.16118,0.557334,-0.158063,2.3893,-2.04578,-0.129881,0.16118,-0.978437,0.174518,2.3893,-2.05456,0.2027,0.16118,-0.987218,-0.149282,2.3893,-1.7132,-0.1211,0.16118,-0.645855,0.1833,2.3893,-1.72198,0.211481,0.16118,-0.654637,2.08683,2.3893,-0.180844,1.01936,0.16118,-0.203707,2.0797,2.3893,0.151777,1.01224,0.16118,0.128914,1.75421,2.3893,-0.187968,0.686738,0.16118,-0.210831,1.74708,2.3893,0.144653,0.679614,0.16118,0.12179,-1.91887,2.3893,0.135146,-0.851159,0.16118,0.135146,-1.91887,2.3893,-0.197551,-0.851159,0.16118,-0.197551,-1.58618,2.3893,0.135146,-0.518462,0.16118,0.135146,-1.58618,2.3893,-0.197551,-0.518462,0.16118,-0.197551,2.09192,-0.0621288,-2.09192,2.09192,-0.0621288,2.09192,-2.09192,-0.0621288,2.09192,-2.09192,-0.0621288,-2.09192,1.79718,0.214952,-1.79718,2.09192,0.0483968,-2.09192,1.79718,0.214952,1.79718,2.09192,0.0483968,2.09192,-1.79718,0.214952,1.79718,-2.09192,0.0483968,2.09192,-1.79718,0.214952,-1.79718,-2.09192,0.0483968,-2.09192],
    "metadata":{
        "type":"Geometry",
        "generator":"io_three",
        "normals":54,
        "faces":72,
        "uvs":0,
        "version":3,
        "materials":2,
        "vertices":84
    }
}