{
    "uvs":[],
    "normals":[-2.55226e-14,1,-4.31726e-08,5.10454e-14,-1,4.31726e-08,-1,-1.73264e-06,5.87148e-07,1.47795e-06,-5.77531e-07,1,1,5.19792e-06,-4.48996e-07,0,-2.88773e-06,-1,-1.47795e-06,-4.04281e-06,-1,0,-2.88773e-06,-1,7.38968e-07,4.62039e-06,1,1.34872e-06,1.44392e-06,1,7.65678e-14,-1,4.31726e-08,0.977998,-0.208616,-6.54355e-06,-2.55227e-14,1,-4.31726e-08,2.02303e-07,1,-4.31729e-08,-2.02306e-07,1,-4.31724e-08,0,1,-4.31726e-08,-0.97475,0.2233,2.6176e-06,0,-1,4.31726e-08,-1.55784e-13,3.46528e-06,1,9.97437e-09,3.17651e-06,1,-1.07898e-06,-3.46527e-06,-1,0,-2.88773e-06,-1,6.64333e-14,-1,6.90762e-08,6.64321e-14,-1,6.90762e-08,0.97475,0.2233,-1.93239e-06,0,2.09464e-07,1,-1.77975e-06,4.28586e-07,-1,2.03403e-06,6.59386e-07,1,-0.977998,-0.208616,5.82144e-06,0,6.98213e-08,-1],
    "faces":[35,9,11,2,3,0,0,0,0,0,35,13,7,6,15,0,1,1,1,1,35,0,4,5,1,0,2,2,2,2,35,11,15,6,2,0,3,3,3,3,35,2,6,7,3,0,4,4,4,4,35,13,9,3,7,0,5,5,5,5,35,4,0,8,12,0,6,6,6,6,35,21,17,9,13,0,7,7,7,7,35,1,5,14,10,0,8,8,8,8,35,19,23,15,11,0,9,9,9,9,35,4,12,14,5,0,10,10,10,10,35,20,22,31,30,0,11,11,11,11,35,0,1,10,8,0,12,12,12,12,35,17,19,11,9,0,13,13,13,13,35,8,10,18,16,0,14,14,14,14,35,16,18,19,17,0,15,15,15,15,35,14,12,28,29,0,16,16,16,16,35,20,21,23,22,0,17,17,17,17,35,10,14,22,18,0,18,18,18,18,35,18,22,23,19,0,19,19,19,19,35,12,8,16,20,0,20,20,20,20,35,20,16,17,21,0,21,21,21,21,35,24,25,27,26,0,22,22,22,22,35,28,30,31,29,0,23,23,23,23,35,13,15,27,25,0,24,24,24,24,35,22,14,29,31,0,25,25,25,25,35,12,20,30,28,0,26,26,26,26,35,15,23,26,27,0,27,27,27,27,35,23,21,24,26,0,28,28,28,28,35,21,13,25,24,0,29,29,29,29],
    "vertices":[-3.5315,0.103203,-1.72577,-3.5315,0.103203,1.72577,3.5315,0.103203,1.72576,3.5315,0.103203,-1.72577,-3.5315,-0.103203,-1.72576,-3.53149,-0.103203,1.72577,3.5315,-0.103203,1.72576,3.5315,-0.103203,-1.72577,-3.20886,0.103203,-1.72577,3.20886,0.103203,-1.72577,-3.20886,0.103203,1.72577,3.20886,0.103203,1.72577,-3.20886,-0.103203,-1.72576,3.20886,-0.103203,-1.72577,-3.20886,-0.103203,1.72577,3.20887,-0.103203,1.72577,-2.9879,0.103203,-1.72577,2.98788,0.103203,-1.72577,-2.98789,0.103203,1.72577,2.98789,0.103203,1.72577,-2.9879,-0.103203,-1.72577,2.98788,-0.103203,-1.72577,-2.98788,-0.103203,1.72577,2.9879,-0.103203,1.72577,3.35208,-1.81055,-1.72577,3.59999,-1.81055,-1.72577,3.3521,-1.81055,1.72577,3.59999,-1.81055,1.72577,-3.59999,-1.81055,-1.72576,-3.59998,-1.81055,1.72577,-3.35209,-1.81055,-1.72577,-3.35207,-1.81055,1.72577],
    "metadata":{
        "uvs":0,
        "type":"Geometry",
        "normals":30,
        "faces":30,
        "vertices":32,
        "version":3,
        "generator":"io_three",
        "materials":1
    },
    "materials":[{
        "colorSpecular":[0.819588,0.819588,0.819588],
        "visible":true,
        "colorEmissive":[0.6,0.586973,0.245856],
        "DbgColor":15658734,
        "opacity":0.22,
        "DbgIndex":0,
        "DbgName":"Material",
        "depthWrite":true,
        "shading":"phong",
        "blending":"NormalBlending",
        "specularCoef":50,
        "transparent":false,
        "colorDiffuse":[0.8,0.782631,0.327808],
        "depthTest":true,
        "wireframe":false
    }]
}