{
    "uvs":[],
    "normals":[-1,0,0,1,0,0,-0,0,1,0,-1,0,0,1,0,0,0,1,-0,0,-1,0,1,-0,1,0,-0,0,1,-6.1612e-08,0,-1,3.0806e-08,0,-1,0,0,0,-1,0,-0,1,1,-0,0,-1,-0,0,1.18799e-06,-2.89762e-06,-1,1,-4.63619e-06,0,-1.00041e-06,9.27237e-06,1,1,-2.31809e-06,6.30173e-08,2.0489e-13,1,-4.72629e-08,1.16201e-09,1,-0.000596111,-9.45646e-14,-1,4.72629e-08,2.50103e-07,0,-1,-7.50309e-07,0,1,2.50103e-07,-1.13473e-07,-1,-1.75072e-06,0,1,-1,-0,0,-7.50309e-07,0,1,2.25093e-06,0,-1,-1,0,-0,1,0,1.26034e-07,-1.26086e-13,-1,6.30171e-08,0,1,0,-1,2.31804e-06,-2.87185e-06,1.25051e-06,-2.3181e-06,-1,-0,1,0,-8.7536e-07,8.11333e-06,1,-8.5371e-06,-7.53376e-06,-1,2.20651e-13,1,-4.72629e-08,1.0329e-09,1,-0.000596111,-8.66842e-14,-1,4.72629e-08,1,0,0,5.00206e-07,0,-1,-5.00206e-07,0,1,5.62731e-07,-5.67362e-08,-1,-1.75072e-06,0,1,-5.00206e-07,0,1,2.00082e-06,0,-1,-1.18206e-13,-1,6.30171e-08,-0,1,0,0,1.15905e-05,1,4.89074e-13,-1,4.72629e-08,6.20879e-06,0,1,-3.88049e-06,-1.20052e-07,-1,0,-0,-1,-8.73983e-08,-1.20052e-07,-1,3.9126e-13,-1,4.72629e-08,1.10152e-14,-1,4.72629e-08,9.31317e-06,0,1,-1.98273e-14,1,-4.72629e-08,7.76099e-06,5.79524e-06,1,6.99186e-08,9.27237e-06,1,-4.65658e-06,1.07944e-11,-1,-1.04878e-07,-3.47714e-06,-1,-4.89075e-13,1,-3.15086e-08,-6.35798e-13,1,-3.15086e-08,2.17308e-05,0,1,-2.01786e-05,0,-1,-2.17308e-05,0,-1,-1,0,-6.30171e-08],
    "faces":[35,8,1,3,9,0,0,0,0,0,35,17,16,12,14,0,0,0,0,0,35,10,7,5,11,0,1,1,1,1,35,11,5,1,8,0,2,2,2,2,35,4,0,2,6,0,3,3,3,3,35,7,3,1,5,0,4,4,4,4,35,8,0,4,11,0,5,5,5,5,35,6,10,11,4,0,1,1,1,1,35,2,9,10,6,0,6,6,6,6,35,0,8,9,2,0,0,0,0,0,35,14,12,13,15,0,6,6,6,6,35,17,14,20,22,0,0,0,0,0,35,16,19,13,12,0,7,7,7,7,35,19,18,15,13,0,8,8,8,8,35,7,10,18,19,0,8,8,8,8,35,3,7,19,16,0,9,9,9,9,35,10,9,17,18,0,10,10,10,10,35,9,3,16,17,0,0,0,0,0,35,23,22,20,21,0,11,11,11,11,35,14,15,21,20,0,12,12,12,12,35,18,17,22,23,0,13,13,13,13,35,15,18,23,21,0,14,14,14,14,35,49,48,41,40,1,15,15,15,15,35,37,38,30,29,1,4,4,4,4,35,25,29,30,26,1,16,16,16,16,35,35,39,31,27,1,17,17,17,17,35,28,24,27,31,1,18,18,18,18,35,26,30,38,34,1,8,8,8,8,35,34,38,39,35,1,19,19,19,19,35,28,31,39,36,1,4,4,4,4,35,36,39,38,37,1,20,20,20,20,35,53,52,50,49,1,21,21,21,21,35,32,33,34,35,1,22,22,22,22,35,40,41,44,47,1,3,3,3,3,35,42,46,45,43,1,3,3,3,3,35,52,54,43,45,1,1,1,1,1,35,51,50,47,44,1,1,1,1,1,35,48,51,44,41,1,23,23,23,23,35,55,53,46,42,1,15,15,15,15,35,54,55,42,43,1,24,24,24,24,35,25,26,51,48,1,25,25,25,25,35,26,34,50,51,1,1,1,1,1,35,34,33,49,50,1,26,26,26,26,35,33,25,48,49,1,27,27,27,27,35,27,24,55,54,1,28,28,28,28,35,24,32,53,55,1,15,15,15,15,35,35,27,54,52,1,1,1,1,1,35,32,35,52,53,1,29,29,29,29,35,46,53,49,40,1,30,30,30,30,35,52,45,47,50,1,31,31,31,31,35,45,46,40,47,1,32,32,32,32,35,81,80,73,72,1,15,15,15,15,35,69,70,62,61,1,33,33,33,33,35,65,69,61,57,1,34,34,34,34,35,57,61,62,58,1,35,35,35,35,35,110,109,28,36,1,36,36,36,36,35,60,56,59,63,1,37,37,37,37,35,25,33,92,91,1,1,1,1,1,35,112,107,29,25,1,38,38,38,38,35,56,60,68,64,1,30,30,30,30,35,64,68,69,65,1,30,30,30,30,35,60,63,71,68,1,4,4,4,4,35,68,71,70,69,1,39,39,39,39,35,85,84,82,81,1,40,40,40,40,35,64,65,66,67,1,41,41,41,41,35,72,73,76,79,1,3,3,3,3,35,74,78,77,75,1,3,3,3,3,35,84,86,75,77,1,1,1,1,1,35,83,82,79,76,1,42,42,42,42,35,80,83,76,73,1,43,43,43,43,35,87,85,78,74,1,15,15,15,15,35,86,87,74,75,1,44,44,44,44,35,57,58,83,80,1,45,45,45,45,35,58,66,82,83,1,1,1,1,1,35,66,65,81,82,1,46,46,46,46,35,65,57,80,81,1,15,15,15,15,35,59,56,87,86,1,47,47,47,47,35,56,64,85,87,1,15,15,15,15,35,67,59,86,84,1,1,1,1,1,35,64,67,84,85,1,48,48,48,48,35,78,85,81,72,1,30,30,30,30,35,84,77,79,82,1,1,1,1,1,35,77,78,72,79,1,49,49,49,49,35,107,101,37,29,1,50,50,50,50,35,109,105,24,28,1,51,51,51,51,35,67,66,95,93,1,27,27,27,27,35,33,32,89,92,1,42,42,42,42,35,36,37,117,116,1,14,14,14,14,35,96,103,92,89,1,52,52,52,52,35,99,96,89,88,1,11,11,11,11,35,103,114,91,92,1,3,3,3,3,35,104,59,90,98,1,53,53,53,53,35,112,25,91,114,1,54,54,54,54,35,32,24,88,89,1,1,1,1,1,35,59,67,93,90,1,15,15,15,15,35,66,58,94,95,1,27,27,27,27,35,58,113,115,94,1,55,55,55,55,35,113,112,114,115,1,56,56,56,56,35,24,105,99,88,1,5,5,5,5,35,105,104,98,99,1,5,5,5,5,35,95,94,115,102,1,3,3,3,3,35,102,115,114,103,1,3,3,3,3,35,90,93,97,98,1,3,3,3,3,35,98,97,96,99,1,3,3,3,3,35,93,95,102,97,1,57,57,57,57,35,97,102,103,96,1,58,58,58,58,35,110,36,116,123,1,59,59,59,59,35,100,111,110,101,1,60,60,60,60,35,63,59,104,108,1,61,61,61,61,35,108,104,105,109,1,62,62,62,62,35,62,70,100,106,1,50,50,50,50,35,106,100,101,107,1,50,50,50,50,35,58,62,106,113,1,63,63,63,63,35,113,106,107,112,1,64,64,64,64,35,71,63,108,111,1,36,36,36,36,35,111,108,109,110,1,50,50,50,50,35,120,123,116,117,1,65,65,65,65,35,118,119,121,122,1,66,66,66,66,35,70,71,119,118,1,0,0,0,0,35,71,111,121,119,1,67,67,67,67,35,111,100,122,121,1,14,14,14,14,35,100,70,118,122,1,68,68,68,68,35,37,101,120,117,1,69,69,69,69,35,101,110,123,120,1,70,70,70,70],