{
    "metadata":{
        "version":3,
        "normals":59,
        "materials":2,
        "faces":190,
        "type":"Geometry",
        "uvs":0,
        "vertices":238,
        "generator":"io_three"
    },
    "materials":[{
        "visible":true,
        "colorSpecular":[0.5,0.5,0.5],
        "opacity":1,
        "DbgColor":15658734,
        "wireframe":false,
        "depthWrite":true,
        "transparent":false,
        "colorDiffuse":[0.0585884,0.0585884,0.0585884],
        "DbgName":"Material.002",
        "depthTest":true,
        "DbgIndex":0,
        "blending":"NormalBlending",
        "colorEmissive":[0,0,0],
        "shading":"phong",
        "specularCoef":50
    },{
        "visible":true,
        "colorSpecular":[0.5,0.5,0.5],
        "opacity":1,
        "DbgColor":15597568,
        "wireframe":false,
        "depthWrite":true,
        "transparent":false,
        "colorDiffuse":[0.64,0.64,0.64],
        "DbgName":"Material.001",
        "depthTest":true,
        "DbgIndex":1,
        "blending":"NormalBlending",
        "colorEmissive":[0,0,0],
        "shading":"phong",
        "specularCoef":50
    }],
    "uvs":[],
    "vertices":[-1,4.7796,1,-1,4.7796,-1,1,4.7796,1,1,4.7796,-1,0.741597,4.7796,-1,0.741597,4.7796,1,-1,4.7796,-0.765025,-1,4.7796,0.765025,1,4.7796,0.765025,1,4.7796,-0.765025,0.741597,4.7796,-0.765025,0.741597,4.7796,0.765025,-0.756403,4.7796,-1,-0.756403,4.7796,1,-0.756403,4.7796,-0.765025,-0.756403,4.7796,0.765025,-1,1.67599,0.765025,-1,1.67599,1,-0.756403,1.67599,-1,-1,1.67599,-1,1,1.67599,-0.765025,1,1.67599,-1,0.741597,1.67599,1,1,1.67599,1,0.741597,1.67599,-1,0.741597,1.67599,0.765025,-1,1.67599,-0.765025,1,1.67599,0.765025,0.741597,1.67599,-0.765025,-0.756403,1.67599,-0.765025,-0.756403,1.67599,0.765025,-0.756403,1.67599,1,-1,1.52813,0.765025,-1,1.52813,1,-0.756403,1.52813,-1,-1,1.52813,-1,1,1.52813,-0.765025,1,1.52813,-1,0.741597,1.52813,1,1,1.52813,1,0.741597,1.52813,-1,0.741597,1.52813,0.765025,-1,1.52813,-0.765025,1,1.52813,0.765025,0.741597,1.52813,-0.765025,-0.756403,1.52813,-0.765025,-0.756403,1.52813,0.765025,-0.756403,1.52813,1,-1,0.724259,0.765025,-1,0.724259,1,-0.756403,0.724259,-1,-1,0.724259,-1,1,0.724259,-0.765025,1,0.724259,-1,0.741597,0.724259,1,1,0.724259,1,0.741597,0.724259,-1,0.741597,0.724259,0.765025,-1,0.724259,-0.765025,1,0.724259,0.765025,0.741597,0.724259,-0.765025,-0.756403,0.724259,-0.765025,-0.756403,0.724259,0.765025,-0.756403,0.724259,1,-0.756403,1.67599,-0.821796,-1,1.67599,-0.821796,-0.756403,1.52813,-0.821796,-1,1.52813,-0.821796,1,1.67599,0.953104,0.741597,1.67599,0.953104,1,1.52813,0.953104,0.741597,1.52813,0.953104,-0.888972,1.67599,0.765025,-0.888972,1.67599,1,-0.888972,1.52813,0.765025,-0.888972,1.52813,1,-0.900294,1.67599,-1,-0.900294,1.67599,-0.765025,-0.900294,1.52813,-1,-0.900294,1.52813,-0.765025,-1,4.7796,1,-1,4.96302,1,-1,4.7796,-1,-1,4.96302,-1,1,4.7796,1,1,4.96302,1,1,4.7796,-1,1,4.96302,-1,0.741597,4.7796,-1,0.741597,4.96302,-1,0.741597,4.7796,1,0.741597,4.96302,1,-1,4.7796,-0.765025,-1,4.7796,0.765025,-1,4.96302,0.765025,-1,4.96302,-0.765025,1,4.7796,0.765025,1,4.7796,-0.765025,1,4.96302,-0.765025,1,4.96302,0.765025,0.741597,4.96302,-0.765025,0.741597,4.96302,0.765025,0.741597,4.7796,-0.765025,0.741597,4.7796,0.765025,0.741597,5.83081,-1,1,5.83081,-1,1,5.83081,0.765025,1,5.83081,1,0.741597,5.83081,1,0.741597,5.83081,0.765025,1,5.83081,-0.765025,0.741597,5.83081,-0.765025,-1,4.7796,-0.288553,-1,4.7796,0.221464,-1,4.96302,0.221464,-1,4.96302,-0.288553,1,4.7796,0.221464,1,4.7796,-0.288553,1,4.96302,-0.288553,1,4.96302,0.221464,0.741597,4.96302,-0.288553,0.741597,4.96302,0.221464,0.741597,4.7796,-0.288553,0.741597,4.7796,0.221464,1.1137,5.83081,-0.288553,1.1137,5.83081,0.221464,0.855293,5.83081,-0.288553,0.855293,5.83081,0.221464,-1,4.7796,0.493244,1,4.96302,0.493244,0.741597,4.96302,0.493244,0.741597,4.7796,0.493244,1.08553,5.83081,0.493244,0.827125,5.83081,0.493244,-1,4.96302,0.493244,1,4.7796,0.493244,-1,4.96302,-0.526789,1,4.7796,-0.526789,-1,4.7796,-0.526789,1,4.96302,-0.526789,0.741597,4.96302,-0.526789,0.741597,4.7796,-0.526789,1.09375,5.83081,-0.526789,0.835343,5.83081,-0.526789,1,5.41733,1,1,5.41733,0.765025,0.741597,5.41733,-0.765025,0.741597,5.41733,-1,1,5.41733,-1,1,5.41733,-0.765025,0.741597,5.41733,1,0.741597,5.41733,0.765025,1.05952,5.41733,0.221464,1.05952,5.41733,-0.288553,0.80112,5.41733,-0.288553,0.80112,5.41733,0.221464,1.04478,5.41733,0.493244,0.786373,5.41733,0.493244,0.790675,5.41733,-0.526789,1.04908,5.41733,-0.526789,1,5.20087,1,0.741597,5.20087,-1,1,5.20087,-0.765025,0.741597,5.20087,1,1,5.20087,0.765025,0.741597,5.20087,-0.765025,1,5.20087,-1,0.741597,5.20087,0.765025,1.03116,5.20087,0.221464,1.03116,5.20087,-0.288553,0.772759,5.20087,-0.288553,0.772759,5.20087,0.221464,1.02344,5.20087,0.493244,0.765038,5.20087,0.493244,0.767291,5.20087,-0.526789,1.02569,5.20087,-0.526789,-0.206911,5.20087,-0.765025,-0.206911,5.41733,-0.765025,-0.206911,5.20087,0.765025,-0.206911,5.41733,0.765025,-0.206911,5.41733,1,-0.206911,5.41733,-1,-0.206911,5.20087,-1,-0.206911,5.20087,1,0.0672013,5.20087,0.765025,0.0672013,5.41733,0.765025,0.0672013,5.41733,1,0.0672013,5.20087,1,0.0618329,5.20087,-0.765025,0.0618329,5.20087,-1,0.0618329,5.41733,-1,0.0618329,5.41733,-0.765025,-0.756403,4.7796,-1,-0.756403,4.96302,1,-0.756403,4.96302,-1,-0.756403,4.7796,1,-0.756403,4.7796,-0.765025,-0.756403,4.7796,0.765025,-0.756403,4.96302,-0.765025,-0.756403,4.96302,0.765025,-0.756403,4.96302,-0.288553,-0.756403,4.96302,0.221464,-0.756403,4.7796,-0.288553,-0.756403,4.7796,0.221464,-0.756403,4.96302,0.493244,-0.756403,4.7796,0.493244,-0.756403,4.7796,-0.526789,-0.756403,4.96302,-0.526789,-0.756403,1.67599,-1,0.741597,1.67599,0.765025,-1,1.67599,-0.765025,1,1.67599,0.765025,-0.756403,1.67599,-0.765025,-0.756403,1.67599,0.765025,-0.756403,1.67599,1,-0.756403,1.52813,-1,0.741597,1.52813,0.765025,-1,1.52813,-0.765025,1,1.52813,0.765025,-0.756403,1.52813,-0.765025,-0.756403,1.52813,0.765025,-0.756403,1.52813,1,-0.756403,1.67599,-0.821796,-1,1.67599,-0.821796,-0.756403,1.52813,-0.821796,-1,1.52813,-0.821796,1,1.67599,0.953104,0.741597,1.67599,0.953104,1,1.52813,0.953104,0.741597,1.52813,0.953104,-0.888972,1.67599,0.765025,-0.888972,1.67599,1,-0.888972,1.52813,0.765025,-0.888972,1.52813,1,-0.900294,1.67599,-1,-0.900294,1.67599,-0.765025,-0.900294,1.52813,-1,-0.900294,1.52813,-0.765025],
    "normals":[0,3.84098e-08,1,-1,0,0,1,-0,0,0,-0,1,0,5.76147e-08,1,0,-5.76147e-08,-1,0,-7.68196e-08,-1,0,0,-1,0,-1,-0,0,1.48294e-07,1,0,1,-0,1,0,-0,0,-1,0,-1,0,-0,0,1,0,1,0,0,-0,0,1,-0,1,0,-1,0,0,-0,0,-1,1,0,0,-1,-0,0,0,1,-1.75449e-06,0,0,1,-0.971334,0.0478663,-0.232852,0.956611,-0.0516703,-0.286748,0,-0,-1,-1,-0,0,0.990434,-0.11369,0.0781971,0.991526,-0.129907,0,-0.990947,0.118441,0.0632151,-0.991526,0.129907,0,0,1,0,0,-1,-0,0.971334,-0.0478663,0.232852,-0.990434,0.11369,-0.0781973,-0.956611,0.0516702,0.286749,0.990947,-0.118441,-0.0632151,0.992387,-0.118613,-0.0331433,-0.986506,0.053285,0.154813,-0.99264,0.113943,-0.0410297,0.991032,-0.048837,0.124377,-0.991526,0.129908,0,-0.992387,0.118613,0.0331429,0.991526,-0.129907,0,0.99264,-0.113943,0.0410299,0.986506,-0.053285,-0.154812,-0.991032,0.048837,-0.124377,0,0,1,-0.997863,0.0491735,-0.0430341,0.9971,-0.0538569,-0.0537694,0.993378,-0.114027,0.0141097,0.991526,-0.129907,0,-0.992868,0.11867,0.0113943,-0.991526,0.129907,0,0.997863,-0.0491735,0.0430341,-0.993378,0.114027,-0.0141094,-0.9971,0.0538571,0.0537695,0.992868,-0.11867,-0.0113947],