{
    "metadata":{
        "version":3,
        "normals":16,
        "materials":2,
        "faces":18,
        "type":"Geometry",
        "uvs":0,
        "vertices":32,
        "generator":"io_three"
    },
    "materials":[{
        "visible":true,
        "colorSpecular":[0.5,0.5,0.5],
        "opacity":1,
        "DbgColor":15658734,
        "wireframe":false,
        "depthWrite":true,
        "transparent":false,
        "colorDiffuse":[0.280444,0.0142636,0.0142636],
        "DbgName":"Material.001",
        "depthTest":true,
        "DbgIndex":0,
        "blending":"NormalBlending",
        "colorEmissive":[0,0,0],
        "shading":"phong",
        "specularCoef":50
    },{
        "visible":true,
        "colorSpecular":[0.419708,0.419708,0.419708],
        "opacity":1,
        "DbgColor":15597568,
        "wireframe":false,
        "depthWrite":true,
        "transparent":false,
        "colorDiffuse":[0.8,0.8,0.8],
        "DbgName":"Material",
        "depthTest":true,
        "DbgIndex":1,
        "blending":"NormalBlending",
        "colorEmissive":[0.096,0.096,0.096],
        "shading":"phong",
        "specularCoef":50
    }],
    "uvs":[],
    "vertices":[3.11038,2.43623,-0.857836,3.11038,2.43623,1.23964,-3.17736,2.43623,1.23964,-3.17736,2.43623,-0.857838,3.11038,2.75951,-0.857835,3.11038,2.75951,1.23964,-3.17736,2.75951,1.23964,-3.17736,2.75951,-0.857837,3.11038,0.0696828,-0.857836,3.11038,0.0696828,1.23964,-3.17736,0.0696828,1.23964,-3.17736,0.0696828,-0.857838,3.11038,2.43623,-1.65847,3.11038,2.43623,2.04027,-3.17736,2.43623,2.04027,-3.17736,2.43623,-1.65847,3.11038,2.75951,-1.87959,3.11038,2.75951,2.26139,-3.17736,2.75951,2.26139,-3.17736,2.75951,-1.87959,3.11038,2.43623,-0.857836,3.11038,2.43623,1.23964,-3.17736,2.43623,1.23964,-3.17736,2.43623,-0.857838,3.11038,2.75951,-0.857835,3.11038,2.75951,1.23964,-3.17736,2.75951,1.23964,-3.17736,2.75951,-0.857837,3.11038,0.0696828,-0.857836,3.11038,0.0696828,1.23964,-3.17736,0.0696828,1.23964,-3.17736,0.0696828,-0.857838],
    "normals":[-1,-3.6875e-06,-2.27339e-07,1,1.10625e-06,2.84173e-07,4.31012e-14,1,-1.13669e-07,0,-1,0,-1,0,-2.27339e-07,1,-0,0,-3.38747e-14,-1,2.97789e-07,0,1,0,1,4.39105e-06,1.17745e-06,-1.55806e-07,-0.564564,0.825389,-1,-2.80496e-06,-6.54141e-07,1.40679e-07,-0.564562,-0.825391,-1,-2.44702e-06,-3.92484e-07,1,-2.53651e-06,1.30828e-07,-1.51672e-07,5.03726e-08,1,2.27508e-07,-5.03726e-08,-1],
    "faces":[35,2,6,7,3,0,0,0,0,0,35,0,4,5,1,0,1,1,1,1,35,4,7,6,5,0,2,2,2,2,35,8,9,10,11,0,3,3,3,3,35,2,3,11,10,0,4,4,4,4,35,0,1,9,8,0,5,5,5,5,35,21,13,14,22,1,6,6,6,6,35,25,26,18,17,1,7,7,7,7,35,21,25,17,13,1,8,8,8,8,35,13,17,18,14,1,9,9,9,9,35,23,27,19,15,1,10,10,10,10,35,16,12,15,19,1,11,11,11,11,35,14,18,26,22,1,12,12,12,12,35,12,16,24,20,1,13,13,13,13,35,16,19,27,24,1,7,7,7,7,35,12,20,23,15,1,3,3,3,3,35,21,22,30,29,1,14,14,14,14,35,23,20,28,31,1,15,15,15,15]
}